{
    "Dummy": {
        "accuracy": 0.6766666666666666,
        "f1": 0.0,
        "roc_auc": 0.5
    },
    "LogisticRegression": {
        "accuracy": 0.8270833333333333,
        "f1": 0.7071277346506705,
        "roc_auc": 0.8752285308008735
    },
    "DecisionTree": {
        "accuracy": 0.87625,
        "f1": 0.799459824442944,
        "roc_auc": 0.9080437287339393
    },
    "RandomForest": {
        "accuracy": 0.92625,
        "f1": 0.879837067209776,
        "roc_auc": 0.9665115090650551
    },
    "GradientBoosting": {
        "accuracy": 0.9345833333333333,
        "f1": 0.8959575878064944,
        "roc_auc": 0.9708893022192878
    }
}