experiment_id,model,val_mae,val_rmse,val_mape,test_mae,test_rmse,test_mape
B1,naive-last,31.638912037037034,35.53986368033319,19.759225317010248,34.323101851851845,38.287283620505605,21.067835666944088
B2,moving-average,12.731674768518518,15.122598888048364,8.669390240733097,12.920994157848325,15.532576795742315,8.653982316443635
B3,ridge,5.146423743431664,6.480162278915908,3.381406416508243,5.400269615271514,6.908731145259536,3.4822544301675875
